thumb,fing1,fing2,fing3,fing4
199.52944644838766,168.0773631397161,141.05672617780408,128.06248474865697,117.38824472663352
182.52944967867515,114.23659658795863,102.00490184299969,95.88013350011565,98.4733466477097
191.0026177831079,118.29623831720095,106.1178590059185,103.4456378974,109.40292500660117
212.43822631532208,139.51702405083043,128.00390619039717,121.6552506059644,123.8789731956154
227.2377609465469,145.46477236774544,132.6386067478093,124.31009613060397,128.4445405612866
229.78685776170926,146.15402833996743,132.83448347473634,126.19429464123962,127.75758294520134
228.46443924602357,151.34728276384746,137.11673858431726,130.06152390311286,133.52153384379613
226.4199637841151,152.31546211727817,138.6542462386205,130.01538370516005,135.34031180694095
228.72909740564273,151.16877984557524,137.7679207943562,129.0155029444136,133.88054376943649
227.3367546174617,142.66744548074027,131.93938001976514,123.01625908797584,128.06248474865697
225.84286572747877,146.23952953972466,136.0624856453828,125.03599481749245,130.0
226.80828909014767,147.58048651498612,138.24615727028365,127.03542812932147,132.43866504914644
229.2640399190418,147.59742545180114,137.27709204379295,128.03515142334936,133.88054376943649
234.54210709380095,146.37281168304446,134.6291201783626,124.06449935416659,129.0310040261642
233.32380932943812,144.53373308677806,136.0624856453828,126.03570922560003,132.90974381135493
237.2003372678884,145.89036979869508,135.34031180694095,126.03570922560003,131.70041761513136
239.14012628582432,145.98972566588375,135.85654198455074,125.14391715141412,128.86038956948718
239.87079855622275,146.48549416239138,134.892549831338,124.14507642270796,128.86038956948718
242.099153240981,148.35430563350698,136.6821129482567,124.25779653607253,128.4562182223967
240.68444071023785,144.06248644251562,131.60547101089682,122.2620137246234,126.69648771769484
240.9024698918631,148.00337833982033,135.72398461583714,127.1927670899568,130.41855696180662
240.14995315427402,147.14618581533128,136.01470508735443,126.3210196285638,130.41855696180662
242.85386552410483,149.21796138535066,138.32208789632983,128.191263352851,130.8166656049603
241.12444919584576,151.6047492659778,138.88484438555562,129.24782396620841,132.38202294873727
242.099153240981,149.093930124603,137.78606605894515,128.09761902549164,130.04999038831184
238.89956048515452,149.58609561052123,136.40014662748717,127.1416532848303,130.61393493804556
242.78591392418136,150.08331019803634,138.0507153186828,129.18978287774928,130.61393493804556
242.78591392418136,148.71785366928881,136.12494260788506,126.14277624977183,129.634100452003
240.60756430336932,150.95032295427526,137.3608386695422,127.1927670899568,130.8166656049603
237.69097584889502,151.64761785138597,139.21566003866087,130.06152390311286,134.8517704741024
238.41560351621283,158.35403373454054,143.58621103713267,134.09325113517085,138.97481786280562
239.38462774372127,160.58953888718904,145.7737973711325,135.1332675546625,138.51353724455961
240.11039127867832,161.01242188104618,146.99659860010368,137.23337786413333,140.03570973148243
239.63305281200255,165.4841382127,149.7230777134908,138.52075656738234,138.91724155050014
235.74774654278247,164.59647626847908,150.28306624500314,138.52075656738234,137.46272221951665
233.33452380648689,161.4465855941215,146.84004903295286,136.444127759314,135.34031180694095
232.13142829009604,161.8919392681427,150.0,138.81282361511128,133.73481222179961
225.39077177204928,158.3445610054226,147.52626884728022,137.71347065556077,132.84953895290718
222.24535990656813,154.30489298787643,145.49914089093448,136.82470537150812,131.85598204101322
220.6558406206371,152.81688388394784,138.19189556555045,129.98846102635417,126.77539193392383
217.00691233230336,156.66843970627906,136.61625086350452,127.76932339180638,124.78781991845197
215.6965461012299,152.9477034806342,135.5949851580065,128.2497563350512,129.71121771072848
214.55302374937528,151.28780519261954,138.29316685939332,132.015150645674,135.95955280891445
213.12203077110541,151.7003625572464,139.83204210766573,136.0036764208968,142.57980221616245
216.52944372532804,156.3873396410336,147.49237268414933,146.01369798755184,150.44268011438774
217.99311915746333,158.4960567332828,146.696966567138,143.01398533010678,148.66068747318505
215.20455385516357,154.02921800749363,145.71547618561317,143.0,149.11069713471264
217.99311915746333,152.5417975507041,144.15616532080756,142.0,149.2816130673835
216.54098919142305,148.47558721890948,137.7679207943562,135.0148140020198,143.02796929272262
217.89217516927954,148.03377992877165,136.79546776117988,132.03408650799233,136.7808466123821
220.43593173527768,150.7348665704123,137.7679207943562,133.06013678032951,134.6476884316994
220.29298672449835,149.40214188558343,133.64505228402584,127.06297651164952,127.73801313626261
218.34147567514515,148.03040228277433,132.69890730522238,125.25573839150046,124.45882853377658
218.56349191939628,148.94629904767692,132.2800060477773,122.3315167894194,121.3424904969401
217.81643647805828,146.2942240828393,131.60547101089682,123.40583454602137,123.32072007574396
216.83173199511182,149.41218156495808,132.85330255586422,124.4025723206719,122.3315167894194
215.8633827215723,149.00335566691106,134.1044369139217,125.4830665866913,123.17873193047572
217.0829334609241,149.4824404403407,133.15029102484155,125.4830665866913,124.03628501370073
217.33844574764032,149.00335566691106,134.1044369139217,126.4792473095883,125.02799686470227
216.1157097482735,148.12494725737457,133.15029102484155,125.4830665866913,124.03628501370073
216.6333307688362,148.12494725737457,133.15029102484155,126.4792473095883,123.9112585683803
217.86234185833953,148.22280526288793,134.7145129523913,126.66885963013956,124.78781991845197
217.86234185833953,147.24808997063425,134.1044369139217,126.57013865837392,123.9112585683803
216.6333307688362,146.76852523616907,133.15029102484155,124.57929201917949,123.9112585683803
215.40659228538016,146.76852523616907,134.40610105199838,125.78155667664477,123.68508398347798
213.92755783208483,146.76852523616907,133.4541119636259,124.78781991845197,122.6906679417795
211.49231664530984,145.01379244747721,132.5028301584536,123.79418403139947,120.70211265756701
209.55428890862626,146.24978632463024,132.5631924781536,123.40583454602137,121.19818480488888
209.80228788075692,144.00347218036097,129.80754985747168,123.25988804148737,121.49485585818027
210.27838690650069,145.41320435228707,130.96946208945045,125.09996003196804,123.96773773849388
210.27838690650069,146.81961721786362,134.39121995130486,130.034610777285,132.01893803541975
211.00947846009194,147.2582765076381,135.95955280891445,133.0338302838793,134.73306943731373
208.83007446246816,148.06079832285116,136.6235704408284,135.09256086106296,139.6352391053204
208.5976989326584,152.16109883935513,141.718029904455,140.089257261219,144.5441109142811
210.3188056261256,153.44380078712857,145.52319402761884,144.12494579357175,148.85227576359054
209.57099035887578,156.37135287513502,146.972786596703,145.0551619212498,148.29699929533302
212.72047386182646,160.6268968759591,149.11069713471264,146.03081866510234,146.15402833996743
211.07344693257843,161.40012391568973,154.719100307622,154.0811474515945,157.33403954643762
210.85777196963835,168.07438829280326,158.97798589741913,157.05094714773293,159.9656213065795
208.6911593719293,161.75598906995685,157.83535725559088,156.08010763707205,159.9656213065795
208.48261318392957,163.27277789025334,159.66527487215245,160.11246047700348,161.94134740701648
207.29930052945187,163.41358572652396,158.31929762350515,157.01273833673497,156.28499608087785
207.50421682462263,165.8493292117879,160.29036153181514,159.00314462299164,153.3101431738944
207.7137453323684,165.27552752903256,156.70673246545599,153.0130713370593,146.98639392814562
205.34117950377123,162.85576440519384,150.44268011438774,144.1700384962146,136.61991070118586
205.92231544929754,156.1089363233252,140.80127840328723,129.86916493148019,122.2620137246234
200.6315030098713,151.21177202850313,137.64083696345355,128.76334882255898,121.41251994749142
199.64969321288726,150.71164520368026,134.7145129523913,124.16923934694937,118.20744477400736
198.66806487203723,146.696966567138,134.1044369139217,124.78781991845197,117.42657280190033
195.35096621209735,148.14182393908885,132.69890730522238,122.40914998479485,115.97413504743201
198.92712233378333,147.73286702694156,135.34031180694095,125.25573839150046,118.2285921425101
200.33971149025845,151.15885683611134,141.22322755127783,132.06059215375342,122.0
201.37527157027003,151.92103211866353,142.772546380598,136.01470508735443,127.09838708654017
204.9780476051033,156.54072952429985,151.46286673637206,148.16544806398016,143.39107364128355
208.39625716408634,154.042202009709,146.972786596703,145.0551619212498,147.87156589419075
209.67832506007863,156.85024705112835,150.20652449211386,148.27339613025663,148.48905683584903
208.806130178211,153.37861650177967,146.23952953972466,142.22517358048822,139.71399357258383
210.95023109728987,153.37861650177967,144.3918280236108,139.0898989862312,137.10215169719257
212.6240814207083,150.98675438593943,141.05672617780408,134.01492454200763,129.83836104942176
213.92755783208483,149.69301920931383,138.85243966167826,130.00384609695206,125.7179382586272
214.1074496602115,149.05368160498418,138.97481786280562,130.034610777285,126.30122723077555
215.96759016111653,148.5563866011825,136.79546776117988,129.0348790056394,126.30122723077555
217.34994824015948,149.37201879870273,136.82105101189657,128.191263352851,125.44720004846661
220.10906387516167,150.2664300500947,135.4400236266961,128.3160161476345,125.15989773086265
218.8332698654389,148.94629904767692,133.52153384379613,126.3210196285638,123.17873193047572
220.8800579500105,150.45597362683876,134.08206442324789,125.67418191498204,121.69634341261039
222.4275162833951,153.32318807016765,134.13426109685773,126.15070352558483,122.3315167894194
222.91253890259293,153.6522046701576,135.38463723776047,127.09838708654017,123.06502346320826
223.78784596130328,153.8083222715858,135.988970140964,127.12198865656563,123.0
227.03523955544875,158.38244852255568,142.29898102235308,131.3202193114221,125.39936203984452
226.99118925632334,157.49285698088025,142.3938200906205,130.9427355755179,125.4830665866913
229.47766775876036,159.2262541165872,143.20963654726592,131.91285001848757,123.9112585683803
230.8679276123039,159.10059710761615,143.39107364128355,131.47243057006287,123.47064428438041
230.5558500667463,159.86244086714052,143.45033983926285,130.3878828726044,121.01652779682617
229.21823662178366,157.76247969653622,140.42791745233566,128.15615474880636,119.68291440301745
228.21919288263203,161.31955864060626,143.80890097626084,130.78226179417453,123.1665539016173
227.1079038695043,160.58953888718904,143.22011031974526,132.23085872821065,125.76565508913791
227.05505940189926,163.52675622050356,147.20054347725758,135.2479205015737,129.24782396620841
225.00888871331284,164.93938280471406,148.8086019019062,138.53880322855397,135.14806694880988
229.01964981197574,164.43843832875572,148.00337833982033,137.6154061142865,134.16407864998737
235.05318547086316,168.01488029338353,149.80654191322887,139.71399357258383,137.6735268670052
234.07691043757393,168.01488029338353,149.80654191322887,139.31618714277246,137.2953021774598
237.01898658124415,169.9941175452845,148.8086019019062,138.7155362603627,136.194713553794
240.91699815496622,172.53985046939155,153.39491516996253,141.6756859873987,138.61096637712328
239.87079855622275,172.90459797240788,157.0636813525011,146.03081866510234,141.05672617780408
240.26027553467927,173.60011520733505,159.4114174079134,147.31259280862582,140.28898745090436
246.35137507227356,179.88885457415086,165.13025161974412,150.47923444781344,141.56623891309678
251.79555198613022,186.62529303392935,170.2292571798397,153.0130713370593,142.63590010933433
249.8739682319869,189.76301009416983,172.40939649566667,155.46382215808282,144.64093473149293
246.59480935331953,191.12561314486345,171.42053552593984,154.17522498767434,144.20124826089406
245.81497106563708,194.18032856085088,175.0028571195339,154.55743269089325,143.54441821262157
242.5881283162884,196.01020381602586,177.0706073858674,156.31058825300352,141.315250415516
239.00627606822377,196.596032513375,175.07141400011596,150.02999700059985,127.94530081249565
237.73935307390738,198.01262586006985,174.23260314877925,151.85519418182574,132.23085872821065
233.49946466748057,196.4713719603953,174.04597093871493,152.190669884852,136.48809471891678
228.4841351166422,199.00753754569197,173.07223925286226,153.16984037335808,142.08800090085018
224.8777445635739,198.11612756158948,172.00290695217916,155.36408851468863,144.83784035948617
222.25210910135362,193.75241933973368,172.02616080119907,158.67577004697347,146.4547711752676
226.14154859291116,186.1316738225926,170.23806859806652,161.00931650062986,155.502411556863
226.88322987827902,174.18381095842403,163.35544068074378,156.32018423735306,153.28731193415845
228.25424421026653,167.5022387910084,152.3975065412817,147.0136048126159,145.0
228.47319317591726,161.94134740701648,143.8923208513922,136.82470537150812,134.23859355639868
230.21728866442677,153.60013020827813,135.05924625881784,125.39936203984452,120.00416659433121
232.15727427758966,152.7612516314265,133.98880550254935,120.81390648431164,111.64676439557037
232.79390026373113,148.8220413782851,128.00390619039717,114.76933388322858,104.08650248711405
235.61409125941512,151.34397906755325,126.65701717630967,113.21660655575224,102.25947388873072
238.0273093575609,152.43359209832983,128.68954891520912,113.63538181394033,103.40696301506973
240.2019983264086,154.8418548067673,132.45754036671525,116.29703349613007,106.30145812734649
235.76683396949622,160.65490966665163,135.20724832641184,117.18361660232202,108.06016842481785
236.30488780387088,164.19500601419034,142.1442928857856,124.03628501370073,114.0175425099138
237.0759372015642,169.2572007330855,150.6286825275983,134.46189051177288,127.12985487288185
232.26062946612367,168.1071087134628,153.45683432157722,140.80127840328723,137.56816492197603
229.1571513176056,165.58381563425817,149.9333185119305,142.52368224263643,142.9475428260311
230.85276693165278,167.94344286098223,150.98675438593943,142.63590010933433,138.7984149765407
230.16950275829333,165.71059109181888,148.00337833982033,136.23509092741122,128.82546332150332
229.6867431960321,165.4962235218677,147.56693396557372,131.55227098001768,122.11470017978998
220.05681084665386,167.96725871431016,152.32202729743324,136.4734406395618,123.97580409095961
216.48094604375694,166.33700730745397,152.6892268629323,134.7145129523913,121.03718436910205
213.77090541044166,163.88410539158457,151.7003625572464,132.6386067478093,111.03603018840326
208.4346420343797,160.4400199451496,151.3968295572929,133.4053971921676,115.27792503337315
110.8873302050329,113.14592347937243,126.57013865837392,137.7534028617805,150.8409758653132
142.87407042567241,121.75385004179539,121.03718436910205,123.60016181219181,119.81652640600127
154.38264151127873,115.20850663036997,106.01886624558857,101.01980003939822,96.74709297958259
181.23189564753773,119.57006314291216,112.0044641967453,96.60227740586657,94.33981132056604
180.24982662959764,126.58988901172162,117.2006825918689,98.67117106835208,99.14131328563285
170.1763790894612,143.38758663147937,128.3627671873741,107.00467279516349,113.7453295744489
176.70597047072292,137.59360450253493,114.49454135459908,102.61091559868278,119.20570456148481
159.7904878270293,143.22011031974526,117.64777940955791,105.77334257741882,124.25779653607253
133.6600164596728,145.4269576110289,114.93476410555685,103.32473082471591,123.10158406779338
140.92906016858268,144.61673485458036,117.2006825918689,105.01904589168576,125.09996003196804
141.35416513141735,148.4048516727132,116.72617529928752,102.61578825892242,121.03718436910205
148.60013458944107,145.0,116.29703349613007,105.01904589168576,121.01652779682617
160.31219541881399,147.61097520171052,118.51160280748886,105.51303237041384,121.10326172320876
165.89454481688057,149.80654191322887,120.30378215168466,106.48004507887852,120.01666550941998
174.07182425654074,151.64761785138597,119.41942890501528,104.546640309481,120.03749414245534
183.96195258802837,151.64761785138597,121.23530838827442,104.80935072788114,120.00416659433121
188.76705220985997,155.08062419270823,122.18837915284743,106.04244433244644,121.03718436910205
190.9685838037241,155.08062419270823,120.3536455617361,105.77334257741882,121.03718436910205
196.4001018329675,156.33937443907084,122.18837915284743,107.00467279516349,122.10241602851272
201.16162655934158,153.3883959105121,120.93386622447825,106.60675400742676,123.14625451064275
204.63626267111115,154.5639026422405,124.16923934694937,109.11003620199197,125.25573839150046
210.09045670853305,157.07959765672945,126.24579200908045,112.27199116431488,125.57467897629681
214.11445537375565,154.20765220960988,128.16005617976296,114.49017425089369,127.66362050325849
218.19715855161817,157.69908052997647,129.5414991421668,116.1077086157504,126.8897158953396
219.4766502386985,158.41717078650282,128.16005617976296,114.82595525402782,126.01983970788092
228.06358762415363,156.98407562552325,130.92364186807515,117.74548823628021,129.40247292845683
238.20999139414786,157.69908052997647,134.52509059651288,120.15406776301833,130.04999038831184
240.14162487998618,160.55217220579732,133.70115930686615,121.85236969382254,129.634100452003
243.75602556654883,162.1141573089778,133.80956617521784,120.83045973594572,130.04999038831184
247.14570601165622,162.27445886522005,136.40014662748717,122.10241602851272,131.93938001976514
250.56935167733502,162.3730273167314,136.20939761998804,122.09013064126027,131.73458164050928
252.41434190631878,164.14932226482082,136.49908424601244,121.70866854912184,130.64838307457157
256.1640099623677,163.40440630533806,136.02940858505562,122.4499897917513,130.29965464267354
254.70178640912593,165.42369842317032,133.73481222179961,119.03780911962383,126.53062870309307
251.14935795259362,168.65645555388622,131.55227098001768,115.37764081484765,123.13001258832064
253.1975513309716,166.86821147240718,131.04579352272242,113.81124724736128,121.33424908079334
248.03225596683993,162.4130536625674,126.03570922560003,107.44766167767449,114.12712210513327
244.3460660620506,160.1030917877603,120.20815280171308,101.41498903022176,105.09519494249011
238.92467432226417,155.2063143045411,115.20850663036997,96.04686356149273,97.98979538707079
236.93247983339052,152.97058540778355,111.83022847155415,93.08598175880189,93.5200513259055
237.92856070678022,154.84508387417407,108.75660899458019,89.87213138676528,88.58893836140041
236.8459414893994,151.92432326655268,106.6770828247567,86.97700845625813,84.07734534343957
236.47621444872632,153.2351134694656,108.40664186294121,87.11486669908874,81.12336284942828
233.30880823492285,149.85659811966906,105.11898020814318,82.46211251235322,73.57309290766564
233.0772404161333,150.41608956491322,108.67382389517726,84.02380615040002,75.71657678474378
225.01999911119012,145.49914089093448,106.45186705737011,79.40403012442127,70.7248188403477
224.1093483101497,149.27156460625713,111.08555261599052,82.68010643437755,72.24956747275377
219.27608168699112,149.12075643584967,113.3181362359971,84.72307831990054,72.83543093852057
216.59178193089414,146.32839779072276,110.4943437466371,81.83520025025906,67.94115100585212
210.95023109728987,141.69333082400175,107.83784122468327,79.92496481075234,65.11528238439882
211.1492363235065,143.27944723511465,106.56922632730333,77.47257579298626,60.959002616512684
192.5123372669918,139.5600229292042,102.18121158021175,73.00684899377592,55.226805085936306
176.7766952966369,147.2582765076381,111.40017953306898,79.2464510246358,59.135437767890075
198.4943324127921,154.35349040433132,124.95199078045935,92.43916918709297,67.02984409947557
201.06217943710845,178.22738285684386,137.44089638822936,104.04326023342406,76.02631123499285
210.261741645978,177.01129907438113,147.05441169852742,120.10412149464314,95.524865872714
202.89159667172024,202.94087809014724,157.2768260107,131.40015220691336,112.53888216967503
202.1410398706804,188.66372200293304,159.13830462839547,134.3726162579266,113.29607230614837
193.96133635340834,183.20753259623362,163.36768346279504,141.98943622678414,121.74152947946727
183.84776310850236,178.12635964393365,160.099968769516,142.80406156688963,129.76902558006668
177.79201331893398,177.36967046256808,159.20113064925135,145.41320435228707,135.15176654413364
176.4652940382329,175.03428235634297,157.69590990257166,146.4137971640651,138.06158046321215
176.05112893702216,178.63090438107287,162.74212730574712,151.53877391611692,142.52368224263643
175.45369759569047,177.02259742756007,161.55494421403512,153.93505123915085,143.12232530251876
176.7766952966369,170.42300314218147,164.4506004853737,158.39823231336896,149.37536610833797
183.35757415498276,164.0762018087937,164.61470165206995,161.96913286178943,160.99689437998487
193.98195792392653,160.3807968554839,157.20368952413298,156.95222202950808,156.66843970627906
201.357890334598,156.31058825300352,155.0129026887762,153.39491516996253,156.16977940690063
213.52751579129094,153.37861650177967,146.11296999240005,142.59382875847047,146.4137971640651
223.32935319836486,141.3223266154361,132.21951444472938,124.00403219250575,130.24976007655445
226.52593670482858,132.23085872821065,125.87692401707312,120.00416659433121,121.75385004179539
232.35533133543547,131.18688958886096,121.43310915891102,113.35784048754634,114.1402645870422
242.78591392418136,130.09611831257686,121.26417442921878,111.87939935484101,109.17875251164945
248.39484696748443,130.23056476879765,124.88794977899188,113.43720729989786,108.46197490364999
254.37963754986365,136.61991070118586,126.26955294131677,112.79184367674819,106.0
261.444066675838,149.03690818049066,132.87964479181903,117.74548823628021,105.68348972285122
260.36320784627003,153.21879780235844,135.5912976558599,118.06777714516353,103.36827366266692
256.00781238079435,159.6151621870554,143.28293687665675,124.32618388738553,110.60289327137876
251.57503850740042,163.63679292872982,145.04137340772803,127.63228431709588,113.8859078200635
252.00198411917316,169.95587662684687,149.2816130673835,129.79984591670362,114.23221962301179
253.28442510347926,180.8535318980528,161.19863522995473,141.65097952361643,125.67020331009256
250.05999280172747,185.64751546950473,164.62381358722072,144.69277798148738,128.01562404644207
249.55961211702507,186.07525359380813,169.49926253526885,150.6950563223625,138.43771162512041
249.8739682319869,182.0,168.90825912311098,153.44380078712857,143.6697602141801
245.3935614477283,181.06904760339356,170.3437700651245,155.56991997169632,146.72763884149435
245.9044529893674,181.19878586789702,170.67220043111882,157.13688300332294,149.5125412799876
244.38698819699874,182.78949641595932,170.07351351694948,157.95252451290546,151.0132444522665
237.96848530845423,174.3244102241565,158.42032697857937,148.66068747318505,143.22011031974526
236.57768280207665,171.74690681348528,156.66843970627906,148.73466307488647,144.61673485458036
238.0693176366917,170.51099671282202,155.63097378092831,147.75655653811103,144.30869689661813
236.64741705752886,169.09760495051373,157.41982086128797,150.08331019803634,146.21901381147393
229.53213282675696,166.90416411821485,155.64061166674975,146.81961721786362,141.01418368376991
220.29071700822982,161.7714437099453,150.7912464302885,142.20056258679148,137.3608386695422
213.00938946440834,160.3309078125612,149.83324063771698,141.20906486483082,138.85243966167826
207.53072061745462,160.3527361787132,151.23822268196622,143.4015341619468,138.53880322855397
207.4246851269154,165.08482668010407,156.16017418023074,147.82760229402356,139.40229553346674
211.98113123577767,166.00301202086666,159.15401345866212,148.39474384222643,136.95254652615992
207.9663434308542,170.46993869888027,162.0524606416083,151.82226450688975,143.56183336806478
211.6057655169159,170.42300314218147,161.31955864060626,149.56603892595405,144.10065926289164
220.22715545545242,174.82848738120455,164.20109622045769,153.40469353966978,148.22280526288793
222.81157959136684,175.64168070250295,166.01204775557707,156.26259949200897,153.88307249337075
226.86119103980744,174.4505660638566,161.90120444270946,153.8440769090575,152.64337522473747
225.39964507514205,174.18381095842403,158.61904047118682,152.190669884852,153.05227865013967
225.93804460515275,170.03823099526764,154.8709139896837,148.12494725737457,152.029602380589
228.8864347225497,167.2752223134078,153.2122710490253,145.52319402761884,149.12075643584967
230.63390904201404,166.20770138594662,150.28306624500314,143.26548781894402,144.34680460612904
233.33452380648689,166.86821147240718,151.48927354766738,145.0,146.4137971640651
237.22773868163057,168.9644933114647,152.85614151874958,144.3918280236108,143.28293687665675
239.14012628582432,171.1286066091815,155.6181223379848,146.15402833996743,142.08800090085018
237.92856070678022,171.40595088852663,155.8621185535472,143.56183336806478,139.01438774457844
239.40342520523802,169.2572007330855,152.5417975507041,139.05754204644924,133.01503674397117
241.3503677229434,168.8342382338369,151.23822268196622,136.82105101189657,128.39003076563228
244.2723889431632,170.0823330037544,152.12166183683374,136.92698784388708,127.01181047445942
244.95101551126504,169.72919607421701,147.5567687366459,129.80754985747168,119.5198728245642
245.12241839538055,169.33103672983285,147.4347313220328,129.28263611173776,116.70903992407786
241.40422531513403,165.60193235587562,143.0873858870865,125.78155667664477,113.3225485064645
239.25300416086733,169.7439247808298,146.38647478507022,127.8632081562167,113.8859078200635
237.00843866833097,170.30854353202602,147.5127113166862,129.20139318134306,115.45128842936315
236.30488780387088,172.30786401090347,151.81897114655993,132.0075755401939,117.23907198540937
234.6763729053268,171.75855146105536,155.90060936378666,139.34489585198304,123.71337841963576
232.39836488237177,173.25414857947845,159.3267083699403,143.68368035375485,130.20752666416791
228.7116088002531,173.1040149736568,161.89502771858065,147.98986451781082,135.80132547217644
228.96287908741888,169.1892431568863,160.262285020525,147.41099009232656,137.20058308913997
227.705950734714,170.14111789923092,158.90248582070703,148.8220413782851,140.80127840328723
232.69293070482394,165.67739737212196,154.7384890710776,144.81022063376605,139.20129309744217
233.13729860320507,165.19685227025363,154.30489298787643,145.08618128546908,138.84163640637487
235.30618351416098,165.19685227025363,150.7348665704123,142.90206436577463,138.05795884337854
236.13555429032706,165.73774464496614,149.46571513226704,141.0319112825179,137.7679207943562
238.41560351621283,169.24833824885843,151.92432326655268,143.22011031974526,139.51702405083043
236.2371689637344,166.90416411821485,148.38463532320318,139.0323703315167,137.3608386695422
232.44139046219803,162.2621335986927,144.66858677681205,133.13526955694348,133.6899397860587
228.7378412069153,163.1686244349691,145.96232390586277,133.70115930686615,132.24598292575845
217.34764779035453,161.83015788165073,146.4137971640651,134.40238093129153,130.96946208945045
211.80415482232638,163.95426191471816,149.88328792764054,137.80058055030102,131.64345787011217
210.440015206234,165.42369842317032,152.0690632574555,139.31259813814398,132.7742444904131
200.82081565415473,166.0873264279969,152.46311029229332,138.03260484392808,132.20060514233663
200.21238722916223,167.83920876839238,154.50889942006577,140.03570973148243,134.52880732393342
202.02227599945508,172.69916039170545,156.7322557739791,143.05593311708537,136.88316185711082
216.52944372532804,173.216627377397,159.81239000778382,145.89036979869508,140.38874598770374
212.55117030964567,178.19652072922187,165.42369842317032,153.52198539622916,150.136604464068
217.26481537515457,181.63975335812367,167.7647161950331,155.64703659241314,152.8397853963424
227.19154913860683,188.66372200293304,172.16852209390657,159.13830462839547,155.0129026887762
228.07893370497854,197.03045449879062,177.29072169744248,163.00306745579974,156.52475842498527
229.31419493786248,195.78048932414077,178.54971296532514,164.87874332369228,160.72336482291553
235.9872877932199,186.70297265978385,171.14321488157222,161.94134740701648,164.46884203398528
232.13142829009604,180.34688796871433,166.0,156.1089363233252,154.1557653803451
230.28894893155424,175.38529014715002,162.19741058352318,153.52524222420234,153.0261415575783
230.1238796822268,173.04623659588788,158.3161394173064,151.38031576133008,149.81655449248592
233.20591759215716,167.08381130438698,151.33076356114773,145.33065746772084,144.90341610879986
228.65038814749474,160.29036153181514,145.03103116229988,137.53908535394584,137.80058055030102
232.74449510138794,150.68510211696443,131.24404748406687,121.3424904969401,120.90492132250036
233.0772404161333,143.38758663147937,121.01652779682617,110.07270324653611,110.86027241532469
236.12920192132103,142.35870187663275,123.96773773849388,110.2905254316979,107.35455276791944
240.55352834660314,145.24462124292245,128.94960255851896,112.96902230257638,105.17128885774862
242.86621831782205,146.37281168304446,130.86252328302402,113.8859078200635,105.17128885774862
241.10785968109792,148.92279879185725,132.6386067478093,115.31695452100702,103.24727599312246
237.91805311913595,153.44705927452634,135.36986370680884,117.18361660232202,103.58088626768937
234.44615586526473,165.59287424282482,149.21461054467824,130.08458786497346,114.38968484964018
235.03404008781365,176.64653973401235,158.25612152457168,140.089257261219,126.65701717630967
235.44001359157284,179.88885457415086,164.62381358722072,149.40214188558343,138.75518008348374
231.4821807396846,175.75551200460256,165.60193235587562,151.5585695366646,141.66156853571826
234.54210709380095,172.15400082484288,163.36768346279504,152.10851389715174,144.06248644251562
239.40133667128927,166.02710622064097,154.8709139896837,144.97241116847025,140.29255147726127
243.51591323771842,167.0449041425688,152.31546211727817,146.38647478507022,143.96180048887967
243.82370680473218,170.06175348972502,152.0690632574555,141.6756859873987,137.05838172107534
242.1672975444868,168.57639217873896,151.18200951171406,140.2640367307315,137.63720427268203
232.12496634356245,166.48123017325406,149.83324063771698,138.85243966167826,136.60527076214885
223.76103324752503,168.88457596832222,153.4177303964571,139.8177385026664,135.2479205015737
209.61393083476108,171.77310616042314,157.30543537970962,142.86357128393507,135.66502865514016
215.05813167606567,177.867928531256,159.0125781188394,144.58907289280197,136.34148304899725
221.77916944564473,181.70580618131055,164.83021567661677,152.0526224699857,141.4390328021229
223.3942702935776,185.4561942885705,168.37161280928564,155.7080601638849,148.66068747318505
224.80213522117623,188.08774548066654,174.26416728633572,162.3360711610331,160.29036153181514
233.42022191746798,198.13379318026495,182.2361105818493,170.1558109498468,170.0470523119998
239.0815760362977,200.02499843769527,181.8048404196104,167.01197561851666,162.43152403397562
250.4096643502403,216.72332592501436,188.52055590836773,174.73408368146153,178.04493814764857
246.272207120495,204.0245083317198,185.06755523321746,175.93180496999398,174.8742405273001
241.12444919584576,194.98717906570164,177.02542190318317,169.49926253526885,165.14841809717706
246.86230980042296,179.25400971805345,161.07762104029226,155.0290295396317,149.27156460625713
232.89911979223967,161.96913286178943,145.67429423202984,138.70832707519762,137.26616480400406
222.75098204048393,146.8945199794737,129.40247292845683,119.33985084622823,119.54915307102765
222.87440409342656,133.3604139165742,118.40608092492548,107.0420478129973,105.53672346628922
226.92730113408567,129.0348790056394,115.52056094046635,102.59142264341595,99.14131328563285
228.7116088002531,131.89389675038038,115.39497389401325,101.0,94.13288479590966
232.69078194032525,139.38794782907166,122.3315167894194,107.20541031123382,96.25487000666512
237.22773868163057,153.40469353966978,136.23509092741122,118.51160280748886,105.99056561788883
236.04448733236708,163.67040050051813,145.69145479402695,125.93649193144932,112.00892821556681
241.03319273494262,179.41293152947478,163.04907236779974,145.34441853748632,133.09395177843356
238.53301658261063,177.61193653580833,162.04937519163718,148.66068747318505,141.315250415516
235.34230388946224,174.0028735394907,160.0312469488381,149.96666296213968,145.7737973711325
231.4584195919431,166.57130605239308,151.71684151734772,144.31216164966833,142.68847185389575
228.84274076317124,163.783393541592,148.71785366928881,137.90213921473443,136.5283853270081
223.86156436512275,166.68833192518306,151.32745950421557,140.18559127100045,137.80058055030102
215.5388596054085,168.30923919975396,153.18289721767243,141.8731828077456,134.31678971744373
211.0473880435387,166.78429182629878,153.18289721767243,138.94603268895446,125.73384588089239
218.8172753691993,168.6001186239203,154.50889942006577,139.31618714277246,130.91982279242512
222.62524564837653,172.51376756653366,156.0833110873805,142.12670403551894,133.60014970051492
223.32935319836486,170.8010538609174,157.68639763784319,143.1258187749506,133.71985641631537
228.07893370497854,174.72549899771354,161.64467204334326,147.59742545180114,136.95619737711763
226.68480319597958,181.1767093199344,166.01204775557707,150.28306624500314,143.39107364128355
231.14064982170487,189.67867565965344,170.985379491932,153.52524222420234,146.66969693839283
234.10467744152402,192.06509313251067,175.11139311878026,161.31026005806325,152.8397853963424
235.93431289238112,191.3765920900464,175.75551200460256,162.00308639035245,151.79591562357663
238.29813259864207,196.69773765857096,175.38529014715002,162.24980739587951,154.02921800749363
233.30880823492285,190.90573590125572,172.74258305351347,162.5207679036744,157.8923684032892
229.83689869122406,182.69373278796402,167.20047846821492,161.25135658344087,159.1257364476281
230.1238796822268,175.84083712266613,159.84054554461454,154.0,152.5909564816998
230.28894893155424,170.6985647274165,153.52524222420234,148.21605850919124,145.24806367039804
228.97379762758882,162.88953311984167,144.83784035948617,136.06616037795732,131.38112497615478
226.24102192131292,153.60013020827813,132.84953895290718,121.59769734661919,118.03812943282352
223.36517185989405,147.8681845428556,128.47178678604885,117.64352935882194,113.63538181394033
222.00900882621858,143.83671297690307,127.61269529321916,114.23659658795863,109.83624174196785
224.28776159211185,147.20054347725758,131.71180660821565,118.07201192492656,111.57060544785082
227.07928130941406,153.39491516996253,139.34489585198304,125.39936203984452,117.98728745080972
220.18401395196702,155.5538491969903,140.2640367307315,130.91982279242512,127.01574705523721
215.39266468475662,154.0519392932137,138.94603268895446,132.6386067478093,133.01503674397117
212.3982109152523,154.76756766196203,142.80056022299073,133.68619973654722,131.03434664239754
211.0213259365034,157.42934923323543,143.0034964607509,135.36986370680884,133.09395177843356
206.6204249342257,159.0125781188394,144.9413674559475,135.09256086106296,130.64838307457157
212.19802072592478,163.682619724881,149.91330828182,137.0109484676316,130.0
225.07776433935007,171.12568480505783,160.4244370412438,146.4137971640651,137.53908535394584
222.49719099350446,178.35358140502814,165.91865476793137,152.34500319997372,144.6789549312546
226.35591443565153,185.60711193270586,170.53152201279386,154.042202009709,147.00340132119393
228.52789764052878,200.5691900566984,177.48521065147935,161.01242188104618,157.68639763784319
235.51008470976353,194.09533739891847,176.92088627406318,160.15305179733542,148.93287078412206
235.71593073019056,194.7562579225633,176.3774361986249,162.15116404145854,150.65855435387664
231.24878378058554,193.96133635340834,173.738308959193,161.4465855941215,154.49595463959565
225.61028345356956,190.8219064992277,171.49344010777787,161.60754932861275,156.43848631331102
221.2690669750293,184.83506160899236,169.07099100673656,161.19863522995473,159.45218719101973
215.25798475317936,181.7305698004604,167.5857989210303,161.0496817755316,155.72411502397438
207.9326814139615,179.12007146045917,168.02380783686579,160.0,152.74161188098023
174.0028735394907,172.88724649319857,166.13849644197458,157.45793088949188,149.4824404403407
200.55173896029922,170.83617883809038,161.60754932861275,153.3101431738944,148.05404418657398
193.29769786523585,159.88120589988054,149.34523762075577,144.83784035948617,145.03103116229988
188.7882411592417,145.34441853748632,135.9301291105103,133.3641631023867,137.01459776242822
184.04890654388578,140.80127840328723,131.94695904036593,127.81627439414747,130.24592124131948
187.7578227398262,137.97463535012514,125.7179382586272,121.75795661885921,124.31009613060397
192.89893727027115,135.10366390294527,121.82774724995944,118.30891766895681,116.10340218959993
191.049731745428,134.06341782902598,121.51131634543344,117.63077828527702,118.35962149314267
193.31321734428818,135.20724832641184,123.79418403139947,119.57006314291216,119.25183436744275
195.20758181996928,135.66502865514016,124.48293055676348,120.06664815842908,120.50311199301038
196.36700333813724,138.69751259485514,124.52309022827855,119.07980517283357,119.10499569707393
197.2308292331602,139.20129309744217,125.49501982150527,120.30378215168466,119.64113005150027
203.5313243704762,141.35416513141735,127.61269529321916,122.00409829181969,125.60254774486066
211.96697856034086,144.9586147836685,132.92479076530458,124.32618388738553,125.25573839150046
213.32838535928593,154.76756766196203,142.0774436706967,133.6600164596728,133.30416347586447
215.60380330597138,157.2800050864699,142.9475428260311,133.63382805263043,132.9661611087573
214.9720912118594,159.65587994182988,144.10065926289164,135.05924625881784,133.18032887780387
213.21585306913744,160.72958657322553,146.98639392814562,138.00362314084367,134.73306943731373
213.40337391897063,157.30861387730806,144.81022063376605,137.03284277865654,131.84839779079607
212.26869764522513,157.69908052997647,143.58621103713267,137.13132391981054,135.20355024924456
208.02163349036562,155.2610704587599,139.2838827718412,134.30189872075525,133.843191832831
203.94361965994426,148.03040228277433,134.1044369139217,128.56126943990557,127.56566936288148
201.83656754909404,142.1724305201258,125.59060474414477,119.07980517283357,118.3427226321923
198.15650380444242,136.48443134658254,122.24974437601087,115.12167476196652,114.0701538527936
196.0943650388761,135.09256086106296,117.64777940955791,111.57060544785082,110.04090148667449
197.6486782146544,132.27622613304328,116.50321883965266,109.73149046650191,106.30145812734649
200.59162494979694,134.5362404707371,118.6001686339442,110.30865786510141,107.20074626605917
203.0492551082126,135.94851966829208,121.40016474453401,112.92475370794483,108.34205093129813
204.74862636901864,137.3608386695422,123.60016181219181,115.69356075426151,111.15754585272202
204.94145505485218,137.2443077143821,124.27791436936813,118.33004690272035,116.61903789690601
202.82997806044352,139.34489585198304,126.05157674539419,120.88010589009261,121.10326172320876
206.15528128088303,141.1134295522577,126.65701717630967,121.51131634543344,122.00409829181969
209.0956718825141,143.40502083260543,127.47548783981962,122.18428704215611,123.06502346320826
210.00952359357422,145.89036979869508,130.5450113945378,125.44720004846661,126.3210196285638
209.74508337503408,146.4923206178399,130.5450113945378,126.43575443678897,126.3210196285638
206.92993983471797,145.34441853748632,128.69343417595164,123.62847568420473,125.09996003196804
203.35437049643167,139.84634424968,122.65398485169571,116.10340218959993,117.03845521878696
200.5691900566984,133.68619973654722,118.07201192492656,110.11357772772621,110.00454536063498
202.27703774773843,133.73481222179961,117.47765745025733,109.11003620199197,107.16809226630845
199.12307751739877,131.71180660821565,117.33712115098103,111.12605455067681,108.04165863221463
198.21705274773913,133.5440002396214,122.11879462228572,117.38824472663352,116.0
199.04019694524018,135.09256086106296,127.12198865656563,123.1665539016173,123.06502346320826
197.6486782146544,141.66156853571826,135.07405376311175,130.24976007655445,129.38701635017324
199.32385707686876,143.17821063276352,134.40610105199838,129.5569372901351,128.9961239727768
201.8539075668341,144.4506836259351,133.24038426843418,129.24782396620841,130.6981254647518
202.03960007879644,144.4749113168096,133.15029102484155,127.47548783981962,129.98846102635417
200.02499843769527,137.92751719653333,124.27791436936813,118.6086000254619,119.82069938036582
201.12185361118767,135.36986370680884,122.19656296312102,116.2497311824849,118.3427226321923
204.00490190189058,136.24243098242192,124.48293055676348,118.25819210524064,117.10678887237921
201.42740627829173,135.66502865514016,123.5677951571525,118.06777714516353,117.2092146548214
205.0,140.91131963046828,128.15615474880636,122.98373876248843,123.14625451064275
207.6174366473105,146.72763884149435,134.6291201783626,128.41339493993607,127.3184982632139
210.7225664232476,149.96666296213968,137.56816492197603,131.64345787011217,130.98091464026353
212.84031572989173,152.0690632574555,137.92751719653333,131.30879635424276,132.23085872821065
214.78593994952277,154.2886904474855,138.32208789632983,130.18832512940628,129.55307792561317
218.51544567833184,150.95032295427526,134.08206442324789,127.66362050325849,124.78781991845197
219.24643668712156,149.77316181479245,132.09844813622905,123.35720489699821,118.06777714516353
220.238507078122,147.4347313220328,131.03434664239754,118.35962149314267,112.0044641967453
221.19900542271884,151.34397906755325,131.94695904036593,119.81652640600127,112.04017136723775
222.39604313026794,149.30505684671232,131.06105447462264,119.81652640600127,115.0173899895142
217.5890622251036,147.82760229402356,132.7742444904131,124.45882853377658,123.25988804148737
219.53815158190613,151.2679741386127,136.35615130972272,128.00390619039717,126.57013865837392
219.98636321372285,154.5477272560163,140.40655255364686,130.86252328302402,126.66885963013956
217.59825366946308,153.0,136.97079980784227,128.39003076563228,126.01983970788092
218.3048327454067,151.71684151734772,135.66502865514016,127.56566936288148,124.90396310766124
217.07602354935472,148.94965592440957,134.2609399639374,123.62847568420473,120.26637102698326
215.74522010927612,140.91131963046828,126.08727136392476,116.55899793666725,114.35471131527551
211.62466774929618,138.2208377922808,122.38463955905577,113.77170122662314,111.36426715962351
213.23461257497573,139.20129309744217,124.48293055676348,115.12167476196652,111.16204388189342
215.20455385516357,138.80922159568507,124.08464852672147,113.95174417269794,109.22453936730518
213.59073013593076,140.089257261219,125.15989773086265,117.38824472663352,115.43396380615195
214.3571785595248,142.28492541376264,126.28935030318273,117.09824934643558,113.63538181394033
216.34232133357543,145.2618325645109,130.60245020672468,121.69634341261039,116.96580696938743
218.52459815773602,146.98639392814562,127.75758294520134,117.61377470347595,114.9826073804208
220.4654167891191,142.88806808127822,125.25174649480941,114.85643212288984,111.64676439557037
218.78985351245154,137.56816492197603,119.97082978791136,110.0272693471941,108.55873986004075
215.74522010927612,131.40015220691336,115.55085460523432,105.72133181151285,104.38869670610895
215.13948963405113,133.41664064126334,118.9663818059539,108.4665847162157,106.07544484940895
215.37873618349607,134.82581355215328,120.74767078498864,111.08555261599052,106.01886624558857
214.75800334329801,138.2244551445221,122.57650672131263,114.33722053644648,111.11255554616679
216.54098919142305,141.8238343861849,126.31706139710502,118.06777714516353,115.15641536623133
214.0023364358436,144.80331487918363,130.38404810405297,121.06196760337245,117.72000679578642
214.66718426438635,144.40221604947757,128.70508925446578,119.60351165413162,116.96580696938743
218.52459815773602,145.11374848717816,128.75169901791588,119.07980517283357,115.62439189029277
219.25555865245468,140.91131963046828,123.8587905640936,113.43720729989786,109.37092849564732
216.61486560252507,132.80060240827223,117.78370006074695,107.8702924812944,104.23531071570709
213.17832910500073,135.36986370680884,120.30793822520607,109.38464243210744,106.00471687618433
213.7217817631137,135.83077707206124,121.31364309095659,110.44002897500525,106.07544484940895
212.8497122384712,135.07405376311175,120.93386622447825,111.68258592994702,105.07616285342742
214.11212016137713,139.70325694127536,124.35433245367851,116.66190466471906,114.00438588054409
217.00691233230336,143.40502083260543,129.71121771072848,119.85407794480753,117.03845521878696
215.95601403989656,148.66068747318505,134.07833531186162,124.61540835707277,121.33424908079334
215.13251730038394,148.51935900750448,135.07405376311175,124.90396310766124,122.6906679417795
215.61539833694624,145.7737973711325,131.5750736271882,120.93386622447825,117.61377470347595
216.83173199511182,140.61649974309557,127.22421153223941,117.23907198540937,114.43775600735974
214.21951358361358,133.60014970051492,118.18629362155326,108.06016842481785,106.1178590059185
211.81123671797963,133.2066064427737,118.53269591129698,108.66922287382016,104.00480758118829
212.4241040936739,132.23085872821065,114.73883387938018,104.69479452198185,102.07840124139877
213.2650932525058,134.35028842544403,119.20151005754919,108.81176406988355,104.0768946500615
214.2545215392198,134.41726079637243,120.44085685513866,111.40017953306898,107.01868995647442
215.0348808914498,139.94641831786907,124.32618388738553,115.20850663036997,111.01801655587259
220.8438362282271,142.43595051811886,127.534309109353,116.29703349613007,112.16059914247963
225.14217730136662,141.01418368376991,130.0,118.86967653695369,115.2128465059344
223.6537502480117,129.40247292845683,114.76933388322858,106.36728820459794,104.38869670610895
227.771815640127,125.39936203984452,113.1591799192624,103.58571330062848,99.00505037623081
224.83104767802868,125.99206324209474,110.45361017187261,99.62429422585637,93.13431161500041
223.22186272854188,129.18978287774928,112.6454615153225,101.01980003939822,94.76286192385707
221.46105752479374,129.9576854210631,114.85643212288984,102.69371937952194,96.87620966986684
221.32555207205516,135.5912976558599,118.81077392223317,107.54068997360952,99.98499887483122
214.40149253211834,135.07405376311175,121.07848694132248,113.22543883774529,108.16653826391968
213.59073013593076,136.82105101189657,124.8118584109699,115.73245007343446,111.16204388189342
213.19005605327843,138.69751259485514,126.64912159190051,117.23907198540937,113.7453295744489
215.6687274502263,138.67948658687772,126.87395319765204,116.96580696938743,113.7453295744489
216.37467504308356,132.01893803541975,117.98728745080972,109.77249200050075,107.78682665335315
214.84180226389836,121.37956994486346,107.42439201596628,100.62305898749054,99.18165152889924
218.05045287731002,121.63058825805291,105.58882516630251,95.80187889597991,90.00555538409837
217.91053209975877,130.9083648969767,111.51681487560519,99.29753269845128,92.19544457292888
218.97945109073592,129.8345100502944,115.37764081484765,102.88342918079665,93.53608929178085
221.90313201935658,133.06013678032951,121.01652779682617,109.65856099730654,101.27191120937731
216.44860821913363,128.22246293064254,116.21101496846157,105.6882207249228,101.40019723846694
218.67327225795108,137.88763541376724,124.34226956268733,115.7410903698423,112.21853679316978
216.0208323287363,142.12670403551894,129.6919426949878,120.30378215168466,116.1077086157504
218.34147567514515,146.72763884149435,131.67383946707105,122.05326705991938,120.20815280171308
221.38202275704322,156.1089363233252,141.40014144264495,130.09611831257686,125.7179382586272
224.98444390668436,161.40012391568973,148.86235252742716,138.81282361511128,135.76818478568535
229.8173187555716,164.7118696390761,154.46682491719702,143.54441821262157,140.9432509913121
227.14973035423134,161.20794025109308,150.0133327407934,140.24621207005913,137.7534028617805
228.60008748904713,163.08586695357755,152.0526224699857,142.12670403551894,139.98928530426892
221.6325788326256,158.26875876179733,146.27713423498562,138.0507153186828,135.95955280891445
214.478437144623,145.98630072715727,138.0905500025255,130.0,127.47548783981962
211.62466774929618,135.82341477079717,127.00393694685216,119.64113005150027,123.00406497347964
205.30221625691235,126.24183141890805,116.06894502837527,110.81967334368028,118.53269591129698
207.46565980903924,126.08727136392476,114.12712210513327,106.38138934982942,110.86027241532469
200.5243127403757,119.40686747419514,110.42191811411355,102.04410811016969,105.94810050208545
203.364205306637,118.1905241548577,109.7679370308106,100.24470060806208,99.24716620639605
202.82997806044352,118.2285921425101,105.84894897919393,97.01546268507923,95.75489543621255
207.4825293850063,121.62236636408618,106.06601717798213,96.04686356149273,94.02127418834527
216.12265036316762,129.3213052826177,113.81124724736128,103.24727599312246,99.98499887483122
223.4390297150433,147.63468427168462,134.61797799699713,119.0,111.8257573191436
228.0021929719098,155.92626462530293,142.89856542317,126.19429464123962,117.74548823628021
224.50167037240502,158.8238017426859,143.4015341619468,127.20062892926276,118.59595271340417
227.6071176391459,162.82505949638096,147.12239802287073,133.4053971921676,125.29964086141668
226.0,164.12495239907915,146.50938536489735,137.0109484676316,133.33041663476493
220.10224896624752,158.21820375671064,142.42541907960108,134.6476884316994,133.6637572418193
223.14345161801185,160.31219541881399,144.80676779764127,137.38267721950973,139.48835076808385
223.37860237721964,160.52725625263767,147.02720836634285,138.84163640637487,139.16896205691842
219.14607000811125,163.40440630533806,151.6377261765686,141.89080308462562,139.17614738165446
215.14878572745886,170.8156901458411,155.43809056984713,142.21462653327893,136.0
213.60009363293827,175.76404638036757,158.4455742518547,143.13629868066312,137.23337786413333
213.9369065869655,180.6931099959265,163.71316379570703,148.33745312630927,140.91131963046828
214.24518664371436,181.22085972646747,165.55965692160635,151.0,142.21462653327893
218.15590755237412,183.84776310850236,168.66831356244717,155.46382215808282,149.8966310495336
216.11339616044165,179.84715733088473,167.14664220378464,154.17522498767434,149.91330828182
215.23243250030885,173.61163555476344,163.02760502442524,154.719100307622,149.60280746028798
216.33307652783935,162.5945878558078,156.11534197509224,148.6371420607918,147.05441169852742
207.01932276963907,147.70917371646217,142.22517358048822,138.45215780189199,145.16542288024377
199.45926902503177,134.40610105199838,125.67418191498204,120.70211265756701,126.81088281373961
208.65521800328887,130.61393493804556,118.66338946785567,111.00450441310929,113.3225485064645
209.0287061625747,121.24768039018313,107.56393447619885,98.73196037757987,96.87620966986684
213.04694318389082,121.91800523302537,106.45186705737011,96.88137075826292,91.13725912051558
223.6604569431083,119.85407794480753,107.33592129385204,97.082439194738,91.35097153287424
232.6413548791358,140.34600101178515,125.39936203984452,108.70602559196064,99.20181449953424
233.68354670365648,145.96232390586277,132.93607486307093,114.58621208504974,101.84301645179212
232.26062946612367,155.79473675320358,138.94603268895446,120.43255373859678,108.46197490364999
225.01999911119012,162.24672569885655,143.01048912579805,127.31457104353767,118.4736257569591
224.72205054244233,160.86329600005092,143.54441821262157,131.36970731489052,128.39003076563228
222.81157959136684,158.67261893597143,144.9413674559475,138.19189556555045,137.03284277865654
218.2292372712694,163.52675622050356,152.80052355931247,145.83552379307312,146.98639392814562
213.23461257497573,165.51737068960466,153.93829932800998,144.10065926289164,141.79210133149166
204.51894777746145,168.04761230080004,157.42934923323543,147.12239802287073,139.04315876734103
205.22183119736556,171.1286066091815,159.0125781188394,147.73286702694156,142.12670403551894
208.5209821576716,173.5885940953495,160.3277892319357,148.6371420607918,144.08677940741129
208.08171471804053,173.99425277864785,159.48040632002414,149.96666296213968,145.34441853748632
211.15160430363773,169.9235122047564,156.20499351813308,148.21605850919124,145.52319402761884
215.4738963308549,164.1584600317632,151.63442880823604,146.05478424207814,145.0
213.84573879317773,156.26259949200897,141.89080308462562,135.05924625881784,136.94524453225822
215.67104580819372,146.71059948074645,133.24038426843418,125.32358118087753,126.15070352558483
221.98423367437607,144.84474446799925,125.39936203984452,114.93476410555685,113.11056537742175
224.19857269840057,142.3411395205195,124.53112060846478,110.44002897500525,106.16967551989597
229.17242417009948,145.57815770231468,128.22636234409833,112.30761327710601,104.1393297462587
229.9652147608416,146.7310464761974,128.76334882255898,113.74093370462545,102.88342918079665
229.49074055394914,155.6181223379848,131.55227098001768,115.12167476196652,104.67568963231147
225.00888871331284,156.06408939919524,132.38202294873727,118.43141475132347,109.78615577567146
228.56071403458645,161.75598906995685,143.62799170078233,130.6330739131557,123.4908903522847
222.17335573826128,158.3729774930054,140.73023839957068,132.74034804836094,129.65338406690356
222.03603311174518,162.40997506310995,148.66068747318505,142.0211251891774,142.30249470757707
215.1278689523977,162.74212730574712,150.4460036026215,143.17821063276352,144.2497833620557
211.28653530218153,162.27445886522005,150.41608956491322,141.76741515595182,140.24621207005913
206.11889772653063,163.3431969810803,154.20765220960988,143.92359083902818,138.29316685939332
208.03124765284662,167.73789077009405,156.18578680533003,144.84474446799925,138.0507153186828
208.6911593719293,170.01764614298128,159.31415505221122,149.40214188558343,143.34922392534952
209.55428890862626,169.30741271426953,158.24032355881985,149.4590244849738,146.0
209.3895890439637,167.2602762164406,155.64703659241314,148.86235252742716,145.41664278891878
215.36248512682053,165.05150711217394,150.68510211696443,144.49913494550754,143.8923208513922
218.28879952943075,160.65490966665163,143.5687988387449,137.93114224133723,137.3644786689776
217.81643647805828,152.8201557386983,136.69308687713507,129.0658746532173,126.0634760745554
221.0271476538572,149.164338901763,133.843191832831,123.08127396155761,117.2092146548214
226.56566377101365,153.52198539622916,136.01470508735443,121.85236969382254,112.78741064498288
226.27637967759694,153.40469353966978,133.86933928274988,119.88327656516567,110.60289327137876
224.1428116179504,159.76545308670458,137.20787149431334,123.17467272130257,112.94689017409908
230.17601960239037,163.6154026979123,144.69277798148738,129.61867149450345,121.33424908079334
228.26519664635694,164.84234892769516,148.27339613025663,135.20724832641184,127.12198865656563
225.72992712531496,162.60381299342276,148.55302083767936,139.2300254973761,136.3084736911099
226.73773395709856,163.783393541592,148.55302083767936,140.90067423543437,140.0142849854971
220.79175709251467,167.53805537847214,152.74161188098023,144.80331487918363,146.32839779072276
209.87615395751848,167.86303941010956,156.348968656656,145.11374848717816,141.1523999087511
208.24024587000469,163.37686494727458,157.1146078504478,145.41320435228707,136.61625086350452
206.47518010647187,161.5239920259526,156.24659996300718,146.15402833996743,138.24615727028365
198.2826265712657,168.22009392459628,158.7765725792064,148.00675660252813,139.30183056945089
201.0198995124612,168.92897915988246,158.40454538932903,146.4923206178399,142.42541907960108
201.64572894063488,169.30741271426953,158.48343762046557,149.11069713471264,146.00342461736986
206.60348496576722,168.23792675850473,156.86937240902063,147.80054127099805,144.03124660989366
212.92486937884922,164.12799883018133,152.2005256232711,145.8800877433243,143.50261321662404
214.46211786700232,160.1030917877603,146.1642911247477,139.60659010233005,137.71347065556077
217.7200036744442,154.82893786369524,137.87675656179326,130.86252328302402,129.46814279968643
219.52904135899652,153.6522046701576,139.84634424968,131.40015220691336,126.00396819148197
222.24535990656813,149.03690818049066,132.8834075421006,123.08127396155761,117.27318534089538
224.7420743875076,152.16109883935513,134.03357788255897,120.5404496424333,110.81967334368028
223.40322289528413,151.6443206981389,130.41855696180662,119.01260437449471,109.4440496326776
221.5784285529618,151.74320413119,131.03434664239754,120.7683733433551,113.03096920755833
215.05813167606567,150.07331541616585,131.01526628603247,123.69316876852982,119.85407794480753
213.00234740490538,153.44380078712857,141.73566946961517,135.55810562264435,135.14806694880988
208.02163349036562,157.00318468107582,148.8086019019062,141.85203558638133,138.74076545846214
197.02284131541703,154.98709623707387,145.96232390586277,139.2838827718412,134.97407158413796
194.31160541768986,155.79473675320358,148.35430563350698,140.4563989286355,135.79396157414365
194.61243536834948,160.86018774078315,153.4177303964571,143.58969322343438,139.16896205691842
194.3733520830466,165.0242406436097,156.3873396410336,146.75830470538966,141.28694207179942
194.36563482261982,167.94344286098223,157.8131806916013,148.12494725737457,145.00344823486094
202.07176942858692,168.15469068687915,157.19096666157378,147.36349615830918,144.08677940741129
205.05608988762074,167.94344286098223,155.95512174981621,148.4082207965583,145.67429423202984
208.568933448872,163.783393541592,151.85519418182574,145.1240848377691,142.55525244620065
211.96697856034086,162.16349774224778,149.64624953536256,144.2809758769326,140.91131963046828
214.40615662802222,159.24823389915505,143.40502083260543,136.36715146984628,134.8369385591352
215.7127719909046,154.0519392932137,139.7855500400524,133.09019498069722,130.24592124131948
220.05681084665386,154.76756766196203,138.92443989449805,130.41855696180662,126.00396819148197
222.6858774148015,154.9322432549145,138.23530663329106,129.1200991325518,121.41251994749142
222.80484734403782,155.05160431288675,137.20058308913997,128.39003076563228,121.80722474467596
219.20310216782974,153.57408635573907,138.06158046321215,129.98846102635417,125.4830665866913
217.55918734909818,155.97435686676192,143.65583872575453,136.40014662748717,134.30189872075525
213.9369065869655,156.84705926475002,146.86047800548656,140.42791745233566,139.8070098385628
201.43485299222675,157.4325252290644,148.92279879185725,142.44297104455524,137.71347065556077
195.1665955024066,160.0,149.83324063771698,142.1724305201258,135.6244815658294
196.1479033790573,160.80111939908875,151.16877984557524,139.97856978837868,133.73481222179961
196.0025510038071,162.8066337714775,154.02921800749363,142.86357128393507,139.29106216839614
198.65799757371965,166.01204775557707,156.7322557739791,146.696966567138,143.01398533010678
207.96393918177256,163.76812876747417,153.70751445521458,146.5127980757995,143.0873858870865
214.56001491424257,160.17802595861892,149.89329538041386,144.25671561490648,141.28694207179942
217.04377438664304,157.54364474646383,144.83784035948617,138.1774221788784,136.2974687952788
216.8985938174796,151.47607071745688,137.41906709041507,130.6981254647518,129.0620006043607
221.43622106602163,151.81897114655993,138.19189556555045,129.0310040261642,123.10158406779338
220.43593173527768,152.0690632574555,134.8332303254654,124.31009613060397,114.85643212288984
216.18973148602595,147.92227688891217,128.79829191413992,118.90332207301863,113.44161493913951
211.9929244102265,147.5127113166862,131.60927019021113,124.04031602668546,121.2023102090055
208.06249061279644,150.4460036026215,140.54536634126364,134.48048185517482,133.37541002748594
197.91412279066898,152.8953890737062,145.98972566588375,138.82723075823418,134.08206442324789
181.72781845386248,153.44705927452634,147.59742545180114,138.7515765676196,132.6386067478093
169.0562036720333,154.69324484281788,144.55794685869054,135.14806694880988,132.24220203853233
174.64249196572982,147.6651617681029,146.54009690183776,138.49548729110273,128.76334882255898
177.53872816937718,157.09869509324386,148.7615541731129,139.26234236145822,132.00378782444085
187.0855419320264,160.12495120998477,152.12166183683374,143.13629868066312,139.17614738165446
200.68383093812017,159.21055241409096,149.91330828182,142.89856542317,141.42842712835352
206.8912757948,156.54072952429985,145.60219778561037,140.51334456200237,139.8070098385628
211.96697856034086,154.35349040433132,142.9405470816451,136.82470537150812,134.6291201783626
215.8008341040414,155.04837954651444,139.17614738165446,132.09844813622905,130.31116606031887
220.05681084665386,154.50889942006577,138.3979768638256,129.634100452003,124.00403219250575
226.53035116734358,157.49285698088025,139.29106216839614,128.39003076563228,119.82069938036582
220.29298672449835,150.74813431681335,132.74034804836094,122.06555615733703,114.6298390472568
215.55741694499866,147.32277488562318,131.7269904006009,123.36936410632909,118.27087553578015
210.01190442448734,149.80320423809366,140.54536634126364,134.2013412749664,134.3726162579266
200.9975124224178,150.08331019803634,144.53373308677806,140.13208055259867,137.6154061142865
185.6906028855526,152.41062955056645,146.696966567138,140.24621207005913,135.6244815658294
173.78722622793657,154.77725931156684,147.07821048680188,140.03570973148243,136.1800279042415
171.04970037974343,155.6181223379848,145.7737973711325,137.10215169719257,134.23859355639868
184.83506160899236,157.4357011608231,149.48578527739687,140.81193131265547,136.03308421115798
193.13207915827965,158.76082640248507,149.91330828182,142.0211251891774,139.29106216839614
208.806130178211,157.87653403846943,149.04026301640775,143.68368035375485,141.69333082400175
214.41082062246764,156.97770542341354,141.4814475470194,135.29966740535616,135.20355024924456
219.4766502386985,156.18578680533003,141.03900169811186,133.73481222179961,131.54847015454038
224.32342722060932,157.8131806916013,140.7693148381422,132.19682295728592,128.01562404644207
225.84286572747877,157.00318468107582,139.0898989862312,129.75746606650424,123.10158406779338
219.76350925483513,153.40469353966978,134.18271125595876,126.37246535539299,121.01652779682617
213.17832910500073,151.47607071745688,136.97079980784227,130.41855696180662,130.034610777285
207.9663434308542,154.50889942006577,148.97650821522163,142.86357128393507,142.12670403551894
193.19679086361657,156.4736399525492,152.50573759698355,143.68020044529447,136.82470537150812
178.46568297574746,157.30543537970962,149.164338901763,141.15594213493105,132.6386067478093
164.7118696390761,155.04837954651444,146.18481453283715,137.87313008704777,132.6386067478093
168.5734261382855,155.3962676514465,145.23085071705668,135.82341477079717,130.38404810405297
187.2431574183687,158.14550262337528,150.41608956491322,143.56183336806478,139.00359707575916
203.2732151563506,157.42934923323543,148.94629904767692,143.26548781894402,142.28492541376264
214.44113411377026,155.9134375222354,142.67795905464865,136.33048081775402,135.29966740535616
221.43622106602163,157.54364474646383,141.315250415516,133.00375934536586,129.0620006043607
223.14345161801185,158.09174551506476,140.7693148381422,133.18032887780387,129.0620006043607
219.02054698132775,158.68522300453813,142.24275025462634,135.79396157414365,135.1332675546625
212.00235847744713,158.09174551506476,149.56269588369955,143.17821063276352,140.03213916812098
197.6866206904251,160.60510577189007,155.2610704587599,145.7737973711325,137.44089638822936
179.2344832893492,161.89502771858065,151.92103211866353,145.13442045221387,141.50971698084905
185.3672031401456,160.58953888718904,151.7003625572464,142.61837188805654,137.3644786689776
201.0198995124612,159.84992962150469,152.46311029229332,144.734239211045,144.01388821915754
211.83484132691675,157.95252451290546,145.3994497926316,140.07141035914503,140.05713120009278
214.21951358361358,157.09869509324386,143.7358688706476,137.93114224133723,137.09121051329294
210.3188056261256,156.41611170208776,147.12239802287073,141.8767070381886,139.0898989862312
198.70832896484234,155.72411502397438,147.6279106402309,141.59802258506295,137.01459776242822
198.92712233378333,155.5538491969903,146.8945199794737,142.21462653327893,141.01418368376991
205.97572672526246,154.69324484281788,142.44297104455524,138.6001443000692,139.17614738165446
205.44829033116824,153.68148880070103,145.8389522727039,140.57738082636197,138.1774221788784
197.7321420508057,154.69324484281788,145.96232390586277,141.41074923781431,137.00364958642524
205.22183119736556,153.4959282847594,142.80406156688963,138.75518008348374,139.12943613772032
207.3957569479183,152.81688388394784,141.7391971192161,137.6117727521886,137.17871555019022
200.66140635408692,152.97712247261026,145.7737973711325,139.6352391053204,136.03308421115798
194.74342094150447,152.55490814785344,143.7810835958611,139.26952286842948,138.05795884337854
204.15925156602626,152.0131573252789,139.84634424968,136.31214179228496,137.03284277865654
205.54804791094466,152.12166183683374,143.17122615944868,139.26234236145822,139.01438774457844
193.96133635340834,151.71684151734772,145.83552379307312,139.94641831786907,137.3644786689776
198.4363877921587,154.26276284314372,146.696966567138,142.61837188805654,142.28492541376264
205.1828452868319,150.90394295710104,137.80058055030102,133.19534526401438,135.00370365289984
204.37710243566914,152.63354808167173,145.34441853748632,139.01438774457844,137.3644786689776
185.52627846210896,154.02921800749363,147.59742545180114,141.38246001537814,136.7808466123821
197.58795509848267,152.11837495845134,145.12063946937388,138.19189556555045,135.07405376311175
205.00975586542216,148.12157169028418,136.4734406395618,132.21951444472938,135.0148140020198
198.11612756158948,148.2194319244275,144.4506836259351,137.3608386695422,133.5402561027947
178.05897899291685,150.08331019803634,146.48549416239138,140.4563989286355,138.4629914453678
198.56736892047493,147.32277488562318,137.71347065556077,132.81566172707193,131.64345787011217
207.63910999616618,145.86637720873168,131.06105447462264,125.41929676090518,125.14391715141412
200.5642041840966,149.80320423809366,146.63219291819925,138.23530663329106,135.79396157414365
177.55280904564702,149.96666296213968,146.16771189288008,140.11780757633915,137.03284277865654
197.4968354176846,147.41099009232656,134.97036711811967,130.29197979921864,128.39003076563228
209.9380861111199,145.71547618561317,132.00378782444085,125.686116973992,124.19742348374221
199.11052207254141,147.32277488562318,144.80331487918363,134.2609399639374,130.23056476879765
189.06612599828665,148.60013458944107,142.20056258679148,135.51752654177244,134.12307780542466
203.29781110479277,146.38647478507022,133.6899397860587,125.25174649480941,121.80722474467596
212.8966885604377,146.57762448614045,130.0,121.75795661885921,118.4229707446997
203.29781110479277,151.32745950421557,145.6605643267937,135.77186748365804,132.21951444472938
197.0406049523803,146.6594695203825,136.40014662748717,129.3560976529518,128.65457628860312
209.28927349484493,145.45446022724775,134.31678971744373,119.40686747419514,107.28000745712129
214.46211786700232,149.2816130673835,131.01526628603247,121.85236969382254,122.8087944733601
203.00246303924493,151.6443206981389,144.9413674559475,135.5949851580065,131.55227098001768
182.10161998181127,146.2087548678259,140.12137595670404,132.07573584879245,127.47156545677157
205.0,146.03081866510234,138.10503249338888,125.78155667664477,114.72575996697516
213.75921032788273,142.9475428260311,126.01587201618692,115.15641536623133,114.27160627207444
201.02238681301145,145.7737973711325,141.0319112825179,132.83448347473634,129.40247292845683
183.7879212570837,143.28293687665675,137.90576492663388,132.41223508422476,130.77079184588584
208.0,142.27438279606065,128.3160161476345,115.41230437002807,106.51291001564083
214.39449619801343,147.98986451781082,129.20139318134306,121.74152947946727,126.69648771769484
199.2034136253694,150.98675438593943,146.8638825579659,138.92443989449805,137.05838172107534
190.91883092036784,146.47866738880444,137.93114224133723,132.92479076530458,133.46160496562297
204.29635336931494,141.4496376806954,130.8166656049603,119.57006314291216,114.16216536138407
212.05895406702354,149.21461054467824,136.4734406395618,127.62444906835053,134.13426109685773
199.12307751739877,158.64425612041552,150.14659503298768,143.05593311708537,143.17821063276352
184.81612483763422,149.093930124603,144.81022063376605,139.05394636614957,137.05838172107534
203.66639388961548,147.6651617681029,138.03260484392808,129.0348790056394,126.64912159190051
210.40199618824911,149.26486525636233,135.07405376311175,130.51053597315428,140.40655255364686
199.2786993132984,158.15182578775372,147.75655653811103,141.6756859873987,142.56226709757388
191.65855055279948,151.95394038984313,146.0,140.089257261219,136.95254652615992
204.1886382735337,151.43315356948756,137.20787149431334,125.09996003196804,121.26417442921878
207.54276667713572,148.66068747318505,136.4734406395618,129.84991336154215,139.2838827718412
190.04473157654226,156.77372228788855,145.57815770231468,141.01418368376991,145.64683312726027
188.6001060445089,149.83324063771698,143.8401890988746,138.10503249338888,139.2838827718412
199.27117202445515,145.34441853748632,133.64505228402584,128.70120434556935,133.79461872586654
203.93136100168604,149.21796138535066,136.69308687713507,131.24404748406687,144.08677940741129
182.69373278796402,163.24827717314508,145.34441853748632,138.85243966167826,151.4859729479928
163.6154026979123,147.38385257551113,144.89996549343965,140.34600101178515,141.6756859873987
186.81541692269406,155.7080601638849,146.81961721786362,140.85808461000738,144.80331487918363
186.5502613238588,146.32156368765337,143.69411957348845,136.4734406395618,146.16771189288008
167.72000476985446,123.97580409095961,130.58713566044705,127.4244874425634,130.0
127.3184982632139,119.85407794480753,124.91997438360288,130.14607178090316,142.68847185389575
147.00340132119393,126.39620247459969,123.76186811776881,124.42266674525185,137.05838172107534
146.21901381147393,132.24220203853233,129.43724348115578,125.7179382586272,123.1665539016173
145.04137340772803,126.43575443678897,125.03599481749245,124.45882853377658,123.4908903522847
140.4314779527724,120.06664815842908,123.40583454602137,129.0658746532173,132.90974381135493
128.2653499585917,112.11155159036913,113.99122773266372,121.59769734661919,130.04999038831184
105.38026380684383,112.36102527122117,111.80339887498948,120.60265337047937,129.6919426949878
101.23734488813898,113.7453295744489,113.03096920755833,120.20815280171308,130.74020039758238
96.84007434941384,107.70793842609746,109.11003620199197,116.36150566231085,123.97580409095961
84.86459803710851,112.00892821556681,115.39497389401325,121.07848694132248,126.40015822774906
88.63972021616495,115.6027681329474,118.15244390193544,123.06502346320826,127.1416532848303
97.26767191621273,126.60568707605516,126.25371281669304,128.81770064707723,131.50285168010618
122.8087944733601,132.2800060477773,134.35028842544403,135.0,139.43098651304163
145.1240848377691,131.59027319676784,132.31024147812596,129.71121771072848,133.80956617521784
160.11246047700348,130.41855696180662,123.47064428438041,120.50311199301038,139.44174410842686
169.54350474140847,170.46113926640288,148.85227576359054,141.0319112825179,163.88410539158457
176.13914953808538,148.66068747318505,139.74262055650738,131.13733259449805,129.5414991421668
185.88437266214714,144.30869689661813,134.08206442324789,123.3288287465668,114.17968295629481
197.61831898890347,135.9301291105103,124.95199078045935,116.15506876585283,117.72000679578642
204.43580899636933,141.0319112825179,126.49505919204908,120.06664815842908,145.04137340772803
210.38060747131613,143.0,129.634100452003,123.10158406779338,136.56134152826706
216.04166264866598,149.30840565755165,132.7742444904131,126.0634760745554,131.21737689803132
220.0840748441377,155.3479964466874,139.71399357258383,134.0,139.26952286842948
218.1948670340345,156.54072952429985,143.33875958721003,139.0323703315167,146.50938536489735
219.22819161777528,160.37767924496225,148.00675660252813,143.58969322343438,151.74320413119
213.04694318389082,157.54364474646383,146.8945199794737,145.67086187704115,164.0762018087937
216.44860821913363,158.61904047118682,148.00337833982033,145.46477236774544,160.51479682571323
218.0022935659164,157.20687007888682,146.2087548678259,142.76203977248295,154.7384890710776
212.042448580467,154.6156525064652,145.09651959988565,140.65560778013793,149.60280746028798
205.36065835500236,155.3962676514465,146.4547711752676,142.30249470757707,151.28780519261954
198.17668884104407,152.6892268629323,143.4015341619468,139.62807740565648,148.94629904767692
189.90787240133042,150.2664300500947,148.22280526288793,145.34441853748632,151.2679741386127
187.85632808079689,147.7193284577208,143.96180048887967,142.13022197970423,152.2005256232711
183.10925700247927,148.94629904767692,144.5856147754679,142.89856542317,147.20054347725758
182.72657168567466,149.48578527739687,143.96180048887967,141.42842712835352,151.6047492659778
185.53975315279473,146.53668482670133,137.37903770226373,133.6899397860587,147.20054347725758
187.94946129212502,143.27944723511465,133.60014970051492,128.81770064707723,134.40238093129153
189.61540021844218,138.3979768638256,127.58134659894448,123.10970717209915,126.05157674539419
191.90101615155663,142.88806808127822,128.9728653632228,123.81033882515628,124.88794977899188
193.18902660347973,140.71957930579526,125.49501982150527,117.64777940955791,118.84864324004712
198.00252523642217,142.1442928857856,124.80785231707178,115.16944039110375,114.85643212288984
204.47982785595258,141.2267680009707,120.93386622447825,112.08925015361643,114.0175425099138
210.60151946270474,142.61135999632006,122.98373876248843,113.5649593844862,116.06894502837527
211.02606474082768,143.12232530251876,123.13001258832064,115.73245007343446,119.07980517283357
217.56838005555863,144.25324953012324,123.36936410632909,115.06954418958998,116.92732785794773
225.80744009000236,154.82893786369524,134.7664646712972,126.14277624977183,128.2653499585917
228.08112591795052,159.21055241409096,141.7603611733548,132.24220203853233,133.82077566656082
223.61797781037194,158.76082640248507,145.06550244630873,138.13037319865606,147.50254235097103
224.61077445216202,160.01562423713506,148.0,141.7956275771577,153.39491516996253
210.76052761368766,161.75598906995685,150.41608956491322,147.13938969562162,156.01281998605114
208.47062143141417,159.7904878270293,149.093930124603,144.84474446799925,154.30165261590687
205.00243900988104,158.39823231336896,149.77316181479245,146.93195704134618,159.62455951387932
196.73586353280888,155.97435686676192,149.30505684671232,144.9413674559475,161.64467204334326
189.2828571212935,152.41062955056645,147.92227688891217,143.7358688706476,161.13658802394943
178.27226368675525,146.16771189288008,143.54441821262157,140.61649974309557,159.21369287847074
174.7483905505284,145.12063946937388,142.3411395205195,141.40014144264495,153.47312468311839
171.73234989366446,151.21177202850313,144.80676779764127,141.6756859873987,145.11374848717816
176.24131184259835,148.03040228277433,142.00352108310554,139.51702405083043,148.94965592440957
180.01388835309348,145.7737973711325,136.2130683891968,131.55227098001768,142.20056258679148
180.36074961032958,142.46754016266303,135.07405376311175,129.40247292845683,130.3572015655445
180.08053753806934,139.9428454762872,129.07362240210043,124.80785231707178,131.03434664239754
180.7373785358192,142.00352108310554,128.76334882255898,125.7179382586272,130.034610777285
186.04300578092153,144.27751037497146,129.2749008895385,125.53883861180172,132.5745073534124
194.74342094150447,139.6030085635693,127.1416532848303,120.60265337047937,126.25371281669304
203.38387350033435,141.60508465447137,123.90722335683259,117.08543888972702,122.14745187681976
211.12318678913502,141.19844191774922,122.77621919573839,114.6298390472568,118.0889495253472
216.00231480241132,145.82523787054146,125.686116973992,118.01694793545543,121.0495766204905
225.61028345356956,153.87332452377834,134.61797799699713,125.01599897613104,126.84636376341263
228.08989455914087,155.24174696260025,137.48090776540573,128.14054783713078,128.84486796143648
228.08989455914087,156.0,139.6352391053204,132.09466302617983,134.3726162579266
224.5551157288562,156.26259949200897,143.75326083258076,138.0905500025255,149.46571513226704
223.5799633240868,160.11246047700348,147.220922426128,142.03168660548954,167.45148551147582
219.24643668712156,162.49615380063616,151.47607071745688,147.8681845428556,161.31026005806325
209.77368757782756,161.15210206509875,151.79591562357663,148.48905683584903,157.1146078504478
207.87015177749788,159.55249919697278,152.97712247261026,150.28306624500314,160.22796260328596
203.03940504246953,159.80613254815975,153.44705927452634,148.93287078412206,164.46884203398528
187.17104476921637,153.15351775261317,148.05404418657398,144.9413674559475,166.01204775557707
176.555940143627,150.42606157179014,144.42298985964803,143.20963654726592,162.3884232326923
172.81782315490494,147.27525250360293,143.55835050598765,142.0563268566381,151.18200951171406
173.61163555476344,147.73286702694156,143.83671297690307,141.20906486483082,146.2942240828393
174.26416728633572,148.35430563350698,144.49913494550754,142.00352108310554,146.71059948074645
184.31766057543157,146.47866738880444,142.84257068535277,141.4496376806954,145.23085071705668
189.0952141118331,147.24808997063425,139.62807740565648,135.95955280891445,140.52046114356443
194.65867563507155,148.16544806398016,137.71347065556077,133.13526955694348,138.31124321616085
200.4120754844877,146.82302271782856,135.08515832614626,129.29423807734048,132.06059215375342
207.62466134830902,147.02720836634285,130.17296186228538,123.32072007574396,126.3210196285638
212.82152146810716,149.41218156495808,129.98846102635417,124.19742348374221,129.87686476043376
218.62525014279572,152.2005256232711,137.31715115017496,131.03434664239754,134.12307780542466
223.1815404552984,156.92354826475216,139.83204210766573,133.13526955694348,136.82105101189657
228.98908270919816,159.4114174079134,145.34441853748632,138.03260484392808,142.86357128393507
230.9025768587263,162.04937519163718,151.85519418182574,148.00337833982033,159.65587994182988
228.81652038259824,162.7912774076056,152.88230767489088,150.33296378372907,176.0284067984483
215.40659228538016,160.60510577189007,152.27934856703322,148.78844041120936,163.07666908543356
209.16022566444127,161.83942659315127,156.18578680533003,151.52887513606112,159.38946012832844
210.00952359357422,160.70158679988197,153.40469353966978,149.46571513226704,162.7820628939196
197.57024067404484,163.00306745579974,152.7939789389621,149.89329538041386,161.64467204334326
189.0026454841307,156.4736399525492,150.6154042586614,147.5567687366459,164.57521077003062
185.0837648201484,152.97712247261026,146.7548977036201,144.01388821915754,160.87883639559305
183.7090090333079,154.0194792875239,152.22680447279973,149.01342221424215,150.95032295427526
187.9627622695517,158.09174551506476,158.44872987815333,155.60205654167942,159.29846201391902
189.51780918953236,158.21820375671064,154.8709139896837,152.55163060419906,157.4960316960399
194.12624758130983,157.8131806916013,151.02979838429238,147.59742545180114,151.16877984557524
195.73451407454945,158.61904047118682,150.94369811290565,146.8945199794737,148.85227576359054
204.37710243566914,155.7080601638849,146.2942240828393,140.80127840328723,143.8923208513922
210.3188056261256,157.8131806916013,147.3295625460145,140.81193131265547,146.00342461736986
206.22802913280242,154.35349040433132,142.36923825040296,138.05795884337854,144.5441109142811
215.7614423385235,154.1557653803451,143.75326083258076,140.1748907615055,150.37286989347513
227.55438910291315,159.21055241409096,148.22280526288793,145.1240848377691,159.81239000778382
223.0896680709351,160.55528642807124,151.38031576133008,149.21461054467824,171.1724276862369
209.0956718825141,158.38244852255568,150.41608956491322,145.82523787054146,149.05368160498418
197.6689151080665,159.20113064925135,157.42934923323543,153.57408635573907,166.33099530754933
187.29655629509048,155.12897859523216,152.97712247261026,151.92103211866353,160.58953888718904
174.92855684535903,152.10851389715174,148.4048516727132,146.76852523616907,149.48578527739687
179.61347388211163,150.3362896974646,141.42842712835352,138.95682782792647,138.19551367537227
173.5655495770978,149.89329538041386,145.72576985557495,143.0034964607509,141.77799547179387
180.0,152.32202729743324,146.4547711752676,140.42791745233566,140.8900280360537
196.16319736382766,153.60013020827813,147.92227688891217,144.91721774861674,153.57408635573907
201.1591409804685,152.2694979304785,140.46351839534705,136.4734406395618,144.2497833620557
201.1591409804685,148.49242404917499,136.74063039199433,131.47243057006287,137.2953021774598
204.1886382735337,146.98639392814562,133.46160496562297,126.53062870309307,131.38112497615478
203.37649815059754,145.2067491544384,131.51805959639154,123.0,124.0
205.97572672526246,142.28492541376264,127.76932339180638,117.38824472663352,118.51160280748886
212.51352898109806,148.03377992877165,131.89768762188365,121.1486689980538,126.69648771769484
219.4196891803468,149.12075643584967,134.34656675925888,126.25371281669304,125.25174649480941
227.705950734714,160.0124995117569,146.37281168304446,135.94484175576505,134.6291201783626
234.67424230196207,168.6801707374047,153.83432646844463,145.24806367039804,146.32839779072276
238.15961034566715,167.91962362987834,152.190669884852,145.9931505242626,160.9751533622503
234.3437645852776,169.84993376507393,154.719100307622,147.41099009232656,151.52887513606112
227.75864418282788,163.98170629676957,148.78844041120936,142.42541907960108,148.08105888330215
218.5040045399626,163.4900608599801,149.09057649630307,143.78456106272327,154.02921800749363
217.46264046957583,163.52675622050356,148.35430563350698,141.7956275771577,149.91330828182
224.69757453074567,168.24387061643583,151.32745950421557,145.67429423202984,160.1624175641714
230.9025768587263,170.18813119603846,150.6154042586614,144.5856147754679,157.96518603793686
238.8723508487326,175.6843760839307,154.20765220960988,145.41664278891878,149.04026301640775
242.85180666406416,175.84083712266613,157.68639763784319,147.763324272297,150.8409758653132
246.13004692641653,178.03651310896873,157.2768260107,148.0979405663698,150.5456741324705
249.64775184247102,175.84083712266613,154.5736070614903,142.89856542317,149.27156460625713
247.88707106261108,173.1040149736568,152.8953890737062,138.70832707519762,138.57849761056005
245.25293066546627,167.5022387910084,146.972786596703,134.6291201783626,137.64083696345355
240.65119987234635,166.23477373883,146.8911161370898,134.18271125595876,132.81566172707193
239.7269279826528,164.12799883018133,149.164338901763,137.03284277865654,135.05924625881784
231.22499864850255,162.7912774076056,145.7737973711325,132.00378782444085,128.16005617976296
226.3647499059869,157.8670326572334,145.60219778561037,132.06059215375342,126.37246535539299
221.14248800264502,169.54350474140847,155.95512174981621,139.05754204644924,131.79529581893277
214.55535416297585,173.25414857947845,157.4325252290644,136.1800279042415,127.90621564255585
211.322029140362,159.66527487215245,148.0,130.64838307457157,125.02799686470227
207.79316639389276,151.32745950421557,138.23530663329106,124.78781991845197,122.80065146407001
201.3156725145859,147.73286702694156,131.24404748406687,120.59850745345068,118.82760622010359
196.7587355112855,144.25324953012324,128.16005617976296,117.957619508025,116.43023662262307
191.03926298015284,139.7891269019161,124.06449935416659,113.99122773266372,112.44554237496477
184.71599822430107,135.83077707206124,119.61605243444544,108.90362712049586,109.37092849564732
177.11578134090706,130.36103712382777,115.16944039110375,105.80170130957252,104.38869670610895
169.81460479004744,125.03199590504823,109.78615577567146,100.84145972763385,99.40824915468535
163.8169710378018,117.99152511939153,103.46496991735899,95.75489543621255,94.42986815621421
159.0628806478746,114.23659658795863,99.62429422585637,93.53608929178085,91.6624241442479
154.63828762631846,111.13955191559843,97.73944955850733,90.6697303403953,89.56003573022959
151.47607071745688,107.91200118615167,94.2443632266673,87.46427842267951,84.71717653463199
149.57606760441325,106.55045753069294,92.02716990106781,85.58621384311844,84.5931439302264
146.7310464761974,104.23531071570709,88.54377448471462,82.29823813423954,79.90619500389191
144.83784035948617,103.83159442096611,88.86506625215557,82.49242389456137,80.50465825031493
143.27944723511465,103.3537614216338,88.54377448471462,82.38931969618392,79.63039620647382
141.06027080648894,100.18482919085105,86.97700845625813,80.30566605165541,79.76214641043707
139.64598096615597,98.41239759298622,87.36131867136622,82.21921916437786,81.74350127074322
138.351002887583,99.74467404327912,88.60022573334675,83.15046602394962,82.73451516749222
137.78606605894515,99.74467404327912,87.09190547921202,83.09632964216891,84.01190391843289
137.08391590555036,98.48857801796105,88.29496021857646,85.00588214941364,86.49277426467485
139.71399357258383,94.54099639838793,88.07383266328314,85.00588214941364,87.47571091451616
139.61733416735902,95.0789145920377,86.68333173107735,83.00602387778854,83.95236744726142
140.52757736472938,97.57561170702442,86.12200647918046,82.0,82.76472678623425
143.17821063276352,101.07423014794622,89.28605714219886,83.09632964216891,83.02409288875127
143.60013927569847,98.84331034521254,89.98888820293314,84.0535543567314,85.15867542417507
144.02777509911067,98.41239759298622,87.80091115700337,83.02409288875127,83.74365647617735
145.3616180427282,98.84331034521254,86.83317338436964,82.02438661763951,83.74365647617735
142.2708684165525,98.41239759298622,85.61541917201598,82.00609733428362,82.97590011563598
140.2355161861645,95.70788891204319,83.93449827097318,78.02563681252464,78.85429601486528
141.54857823376398,95.70788891204319,82.71033792700887,77.02596964660685,78.64477096412705
141.0319112825179,94.847245611035,82.22530024268686,77.0,78.33900688673555
142.2708684165525,96.25487000666512,84.17244204607586,78.0,80.049984384758
143.26548781894402,96.17692030835673,83.67795408588812,78.00640999302557,78.85429601486528
144.30869689661813,95.2732911156112,83.93449827097318,78.02563681252464,79.62411694957753
143.92359083902818,96.15092303249095,82.96987405076617,77.02596964660685,79.62411694957753
144.10065926289164,95.70788891204319,83.93449827097318,79.02531240052139,80.8084154033477
141.50971698084905,96.17692030835673,84.64632301523794,80.00624975587844,81.78630692236935
143.0,98.48857801796105,87.55569655939013,83.0,86.12200647918046
147.46185947559457,101.13357503816425,89.73850901368932,84.00595217006948,88.64536084872124
144.4714504668656,98.84331034521254,89.02246907382428,82.00609733428362,81.02468759581859
140.7693148381422,100.17983829094555,90.70832376358854,85.0,83.43260753446461
139.08630414242805,106.89246933250256,97.67292357659824,92.02173656261873,92.64987857520376
135.67977004697494,117.65202930676547,100.0199980003999,93.0,92.76313923105448
135.35139452550905,106.97663296253066,97.74456506629922,92.00543462209176,94.54099639838793
138.84163640637487,104.27847332982968,96.56603957913983,92.0869154657707,103.0970416646375
138.6001443000692,101.21264743103995,93.92017887546851,87.28115489611719,89.80534505250787
137.3608386695422,102.57680049601859,94.2443632266673,88.36288813749809,96.62815324738438
136.40014662748717,105.54619841567009,94.86832980505137,88.45903006477066,95.33624704172071
135.4400236266961,105.11898020814318,99.32774033471213,96.33275663033837,106.16967551989597
137.27709204379295,102.95630140987001,100.0,99.18165152889924,112.28535078094559
137.7679207943562,103.77379245262264,94.70480452437458,87.82368700982668,96.08329719571451
136.34148304899725,101.24228365658294,91.3892772703669,83.18653737234169,85.0235261559999
134.39121995130486,98.73702446397704,89.15716460273958,82.20097323024831,84.02380615040002
132.21951444472938,97.63708311906906,87.84645695758026,81.04936767180853,80.05623023850174
130.728726758888,96.51942809610924,87.32124598286491,79.2464510246358,77.05841939723393
128.3160161476345,98.18350166906862,91.0,84.17244204607586,82.02438661763951
129.80754985747168,99.32270636667126,93.77632963600144,86.49277426467485,85.0
128.08200498118384,100.16985574512923,94.70480452437458,87.66413177577246,84.0
128.08200498118384,101.71037311896953,98.43271813782245,92.57429448826494,90.00555538409837
129.3560976529518,103.83159442096611,99.36800289831733,92.9623579735368,90.0222194794152
131.5750736271882,104.23531071570709,99.02019995940222,92.57429448826494,90.0222194794152
131.3202193114221,102.88342918079665,96.13532129243653,91.41115905621152,90.00555538409837
130.034610777285,104.65180361560904,95.81753492967766,91.0823802938856,91.0
129.4488315899375,105.60303025955268,95.88013350011565,91.54780172128658,99.18165152889924
130.92364186807515,109.9317970379817,99.92497185388645,95.1892851112981,107.29864864013899
132.23085872821065,113.84638773364749,97.52948272189288,92.43916918709297,114.15778554264269
134.8517704741024,117.98728745080972,106.73331251301067,101.1236866416568,123.40583454602137
137.32079230764728,143.96180048887967,137.46272221951665,134.03357788255897,135.44740676735012
140.06427096158393,145.49914089093448,138.07968713753664,130.31116606031887,128.3160161476345
99.04544411531506,95.70788891204319,82.05485969764375,81.32035415564789,86.76981041814025
128.22246293064254,149.30840565755165,146.84004903295286,135.95955280891445,124.0
99.40321926376429,74.95331880577403,67.00746227100382,65.96969000988257,76.48529270389177
123.8789731956154,95.60334722173695,77.92945527847606,74.10802925459562,87.36131867136622
130.64838307457157,94.57801012920498,84.52810183601665,80.0,85.70297544426332
128.3627671873741,85.23496934944014,80.4114419718985,75.0066663703967,78.85429601486528
